source_file,course_code,course_name,component_type,credit,slot_type,slot,venue,faculty,row_flags,course_confidence,needs_ocr,error
SWE2009.pdf,SWE2009,Analysis of Algorithms,Embedded Theory,4.0,theory,A2+TA2,CB-520,Prof.SCOPE Dig Crs Faculty-3,,ok,True,
SWE2009.pdf,SWE2009,Analysis of Algorithms,Embedded Theory,4.0,theory,A2+TA2,CB-521,Prof.SCOPE Dig Crs Faculty-6,,ok,True,
SWE2009.pdf,SWE2009,Analysis of Algorithms,Embedded Theory,4.0,theory,A1+TA1,CB-423,Prof.SCOPE Dig Crs Faculty-6,,ok,True,
SWE2009.pdf,SWE2009,Analysis of Algorithms,Embedded Theory,4.0,theory,A1+TA1,CB-317,Rajesh Duvvuru,,ok,True,
SWE2009.pdf,SWE2009,Analysis of Algorithms,Embedded Theory,4.0,theory,A2+TA2,CB-523,Bileesh P Babu,,ok,True,
SWE2009.pdf,SWE2009,Analysis of Algorithms,Embedded Theory,4.0,theory,A1+TA1,CB-425,Bileesh P Babu,,ok,True,
SWE2009.pdf,SWE2009,Analysis of Algorithms,Embedded Theory,4.0,lab,L23+L24,CB-307,Prof.SCOPE Dig Crs Faculty-6,,ok,True,
SWE2009.pdf,SWE2009,Analysis of Algorithms,Embedded Theory,4.0,lab,L5+L6,CB-307,Prof.SCOPE Dig Crs Faculty-6,,ok,True,
SWE2009.pdf,SWE2009,Analysis of Algorithms,Embedded Theory,4.0,lab,L9+L10,CB-303,Prof.SCOPE Dig Crs Faculty-19,,ok,True,
SWE2009.pdf,SWE2009,Analysis of Algorithms,Embedded Theory,4.0,lab,L7+L8,CB-321,Bileesh P Babu,,ok,True,
SWE2009.pdf,SWE2009,Analysis of Algorithms,Embedded Theory,4.0,lab,L35+L36,CB-321,Prof.SCOPE Dig Crs Faculty-19,,ok,True,
SWE2009.pdf,SWE2009,Analysis of Algorithms,Embedded Theory,4.0,lab,L43+L44,CB-302,Bileesh P Babu,,ok,True,
